source,public_time,content,topic,url
澎湃新闻,2021-01-04,"当地时间4日,日本首相菅义伟表示,日本首都圈的东京都、埼玉县、千叶县和神奈川县或将在本周内再次进入紧急状态,政府正在就此事展开协调。 据日本《朝日新闻》4日报道","由于形势严峻,日本首都圈或将在本周内再次进入紧急状态",http://www.thepaper.cn/newsDetail_forward_10646140
澎湃新闻,2021-01-04,"日本队集体退赛! 长沙晚报掌上长沙1月4日讯 据澎湃新闻:2021年伊始,世界羽坛就笼罩在新冠肺炎的阴影之中。 北京时间1月3日,据多家日媒最新报道,世界第一男单...",世界第一男单确诊!日本队集体退赛!,http://www.thepaper.cn/newsDetail_forward_10646495
百家号,2021-01-04,"近代,传日汉籍的种类更加多样化,中国历史、天文、地理、政治、医学等多领域书籍都受到日本民众的欢迎。东京凤文馆印刷出版了大型图书《资治通鉴》《佩文韵府》等,...",汉籍在日本的传播及影响,https://baijiahao.baidu.com/s?id=1687922549218579961&wfr=spider&for=pc
百家号,2021-01-04,"日本政府12月26日宣布,从本月28日起至2021年1月底,暂停来自所有国家和地区的新入人员,日本人和持有日本在留资格的外国人除外,此前实施的有条件免除回国后2周...",日本艰难应对经济困局,https://baijiahao.baidu.com/s?id=1687921779809479569&wfr=spider&for=pc
百家号,2021-01-04,"这是广岛吃下第一颗原子弹后日本高层的反应, 于是对外公告: 广岛被太空陨石砸中,原子弹完全是谣言。 这里面没有半点考虑1945年8月6日当天就被炸死的8.8人, 打...",日本非要吃第二颗原子弹?,https://baijiahao.baidu.com/s?id=1687916582298845297&wfr=spider&for=pc
百家号,2021-01-04,"偷窃中方疫苗的日本高层、外媒:真香了…随着全球新冠病毒形势的恶化,各国对新冠疫苗的需求也越来越强烈,特别是感染情况较严重的西方国家,美国辉瑞疫苗在安全性方面已...","日本权贵纷纷偷打国产疫苗,引发东京骂声一片,俄:身体比嘴诚实",https://baijiahao.baidu.com/s?id=1687922516531474831&wfr=spider&for=pc
百家号,2021-01-04,"原来日本宣布因为国内疫情加剧,只能限制外国游客入 境,有专家也表示目前日本的疫情情况十分严峻,如果无法得到有效控制,日本有可能将遭遇美国那样惨痛的打击。 图为爆发...","情况十分严峻,日本166年来首次封国,罪魁祸首是谁?",https://baijiahao.baidu.com/s?id=1687920067749765973&wfr=spider&for=pc
网易新闻,2021-01-04,"2年多前,日本政府内部传出日本即将取消对中国ODA援助的消息。 消息一出,网上掀起了一股讨论热潮,网友们纷纷表达了对日本的感谢,许多人还专门撰文讲述了日本对中国...",日本支援中国30年与中日民间看法的那些事儿……,http://dy.163.com/article/FVG3MD6O052597OI.html
百家号,2021-01-04,"日本羽球名将桃田贤斗的2021年开局又遇到波折。在准备跟随日本队出征泰国前,桃田贤斗在机场被确诊感染新冠,他不得不放弃前往泰国。整个日本羽毛球队也取消了前往泰国...","劲爆!日本一哥神庙许愿后率队出国比赛,在登机前被确诊感染新冠",https://baijiahao.baidu.com/s?id=1687921912775962802&wfr=spider&for=pc
百家号,2021-01-04,"前不久,有日本媒体报道称,中国正在吸引来自世界各地的优秀人才,日本的科研人员因在本国难以就职流向海外,而在华开展研究的日本人持续增加。《环球时报》记者最近联系...",日本学者为何纷纷来华搞科研:在这里得到的支持日本完全不能比,https://baijiahao.baidu.com/s?id=1687914016616898792&wfr=spider&for=pc
